,NOMBRE_DEL_SITIO_DE_DF,MUNICIPIOS
0,RELLENO SANITARIO PARQUE AMBIENTAL LOS POCITOS,"ATLANTICO - BARRANQUILLA , ATLANTICO - GALAPA , ATLANTICO - PUERTO COLOMBIA , ATLANTICO - SABANALARGA , ATLANTICO - TUBARA , ATLANTICO - PONEDERA , ATLANTICO - MALAMBO , ATLANTICO - JUAN DE ACOSTA"
51,EL CARMEN DE VIBORAL,ANTIOQUIA - EL CARMEN DE VIBORAL
57,RELLENO SANITARIO LA PRADERA,"ANTIOQUIA - SOPETRAN , ANTIOQUIA - BARBOSA , ANTIOQUIA - BELLO , ANTIOQUIA - RETIRO , ANTIOQUIA - RIONEGRO , ANTIOQUIA - BETULIA , ANTIOQUIA - FREDONIA , ANTIOQUIA - COPACABANA , BOYACA - PUERTO BOYACA , ANTIOQUIA - GIRARDOTA , ANTIOQUIA - SABANETA , ANTIOQUIA - GUARNE , ANTIOQUIA - BURITICA , ANTIOQUIA - ITAGUI , ANTIOQUIA - ENVIGADO , ANTIOQUIA - SAN PEDRO DE LOS MILAGROS , ANTIOQUIA - SANTA BARBARA , ANTIOQUIA - SAN JERONIMO , ANTIOQUIA - MEDELLIN , ANTIOQUIA - YOLOMBO , ANTIOQUIA - GOMEZ PLATA , ANTIOQUIA - CISNEROS , ANTIOQUIA - SANTA ROSA DE OSOS , ANTIOQUIA - VENECIA , ANTIOQUIA - SANTA FE DE ANTIOQUIA , ANTIOQUIA - SANTO DOMINGO , ANTIOQUIA - MACEO , ANTIOQUIA - ITUANGO , ANTIOQUIA - AMALFI , ANTIOQUIA - VALPARAISO , ANTIOQUIA - ENTRERRIOS , ANTIOQUIA - PUEBLORRICO , ANTIOQUIA - HELICONIA , ANTIOQUIA - JERICO , ANTIOQUIA - ARMENIA , ANTIOQUIA - VEGACHI , ANTIOQUIA - SAN FRANCISCO , ANTIOQUIA - SALGAR , ANTIOQUIA - AMAGA , ANTIOQUIA - EBEJICO , ANTIOQUIA - CALDAS , ANTIOQUIA - LA ESTRELLA , ANTIOQUIA - CARACOLI , ANTIOQUIA - GUADALUPE , ANTIOQUIA - MARINILLA , ANTIOQUIA - CAMPAMENTO , ANTIOQUIA - SAN ROQUE , ANTIOQUIA - DONMATIAS , ANTIOQUIA - COCORNA , ANTIOQUIA - EL CARMEN DE VIBORAL , ANTIOQUIA - ALEJANDRIA"
345,ANTANAS,"NARINO - SANDONA , NARINO - SAN PABLO , NARINO - TAMINANGO , PUTUMAYO - SIBUNDOY , NARINO - CORDOBA , NARINO - IMUES , NARINO - EL PENOL , NARINO - TANGUA , NARINO - BELEN , NARINO - YACUANQUER , NARINO - SAMANIEGO , NARINO - MALLAMA , NARINO - RICAURTE , NARINO - ARBOLEDA , NARINO - CHACHAGUI , NARINO - ILES , NARINO - LA LLANADA , NARINO - CONSACA , NARINO - CONTADERO , NARINO - SAN LORENZO , NARINO - EL TAMBO , NARINO - PASTO , NARINO - LA UNION , NARINO - EL TABLON DE GOMEZ , NARINO - FUNES , NARINO - LA CRUZ , NARINO - LA FLORIDA , NARINO - SAPUYES , NARINO - PROVIDENCIA , NARINO - POTOSI , NARINO - ALBAN , NARINO - NARINO , NARINO - OSPINA , CAUCA - FLORENCIA , NARINO - BUESACO , NARINO - SANTACRUZ , NARINO - GUAITARILLA , NARINO - EL ROSARIO , NARINO - ANCUYA , CUNDINAMARCA - BOJACA , NARINO - SAN BERNARDO , NARINO - POLICARPA , CAUCA - MERCADERES , NARINO - TUQUERRES , CAUCA - PATIA , CAUCA - BALBOA , PUTUMAYO - ORITO , NARINO - LINARES , NARINO - CUMBITARA , NARINO - COLON , NARINO - IPIALES , CAUCA - LA SIERRA , CAUCA - ROSAS , NARINO - LEIVA , NARINO - PUERRES , NARINO - ALDANA , NARINO - GUALMATAN , LA GUAJIRA - MANAURE"
347,SMIRT,ARAUCA - TAME
352,RELLENO SANITARIO BRISAS DEL CRAVO,ARAUCA - TAME
353,MAGIC GARDEN,"ARCHIPIELAGO DE SAN ANDRES, PROVIDENCIA Y SANTA CATALINA - SAN ANDRES , ARCHIPIELAGO DE SAN ANDRES, PROVIDENCIA Y SANTA CATALINA - PROVIDENCIA"
354,relleno sanitario municipal los ranchos ,ANTIOQUIA - CAMPAMENTO
358,PARQUE AMBIENTAL LAS ORQUIEDAS,"ANTIOQUIA - URRAO , ANTIOQUIA - CAICEDO , ANTIOQUIA - BETULIA"
368,LA ESMERALDA,"CALDAS - VILLAMARIA , RISARALDA - MARSELLA , CALDAS - RIOSUCIO , CALDAS - ANSERMA , CALDAS - CHINCHINA , CALDAS - MANIZALES , RISARALDA - GUATICA , ANTIOQUIA - LA PINTADA , CALDAS - ARANZAZU , TOLIMA - FRESNO , TOLIMA - MURILLO , CALDAS - SUPIA , TOLIMA - HERVEO , CALDAS - LA MERCED , TOLIMA - HONDA , CALDAS - MARMATO , CALDAS - FILADELFIA , ANTIOQUIA - VALPARAISO , CALDAS - PALESTINA , QUINDIO - ARMENIA , CALDAS - MARULANDA , ANTIOQUIA - PUERTO BERRIO , CALDAS - RISARALDA , CALDAS - BELALCAZAR , CALDAS - SAN JOSE , CALDAS - SALAMINA , RISARALDA - DOSQUEBRADAS , PUTUMAYO - PUERTO CAICEDO , VALLE DEL CAUCA - BOLIVAR , CALDAS - NEIRA , RISARALDA - PEREIRA , CALDAS - MANZANARES , ANTIOQUIA - SANTA BARBARA , RISARALDA - APIA"
1107,PLANTA DE MANEJO INTEGRAL DE RESIDUOS SOLIDOS DE AGUAZUL,CASANARE - AGUAZUL
1111,RELLENO SANITARIO TERRAZAS DEL PORVENIR,"BOYACA - GUICAN , BOYACA - EL ESPINO , BOYACA - GUACAMAYAS , BOYACA - CORRALES , BOYACA - TIPACOQUE , BOYACA - CUITIVA , BOYACA - DUITAMA , BOYACA - TOTA , BOYACA - JERICO , BOYACA - SOCHA , BOYACA - SOATA , BOYACA - PAIPA , BOYACA - MONGUA , BOYACA - EL COCUY , BOYACA - SOGAMOSO , BOYACA - CHITA , BOYACA - SUSACON , BOYACA - TOPAGA , BOYACA - SANTA ROSA DE VITERBO , BOYACA - PANQUEBA , BOYACA - TASCO , BOYACA - TUTAZA , BOYACA - LA UVITA , BOYACA - SATIVANORTE , BOYACA - FIRAVITOBA , BOYACA - PESCA , BOYACA - CHISCAS , BOYACA - SATIVASUR , BOYACA - COVARACHIA , BOYACA - LABRANZAGRANDE , BOYACA - NOBSA , BOYACA - BELEN , BOYACA - TIBASOSA , BOYACA - FLORESTA , BOYACA - GAMEZA , BOYACA - CERINZA , BOYACA - PAZ DE RIO , BOYACA - AQUITANIA , BOYACA - IZA , BOYACA - BETEITIVA , BOYACA - SAN MATEO , BOYACA - MONGUI , BOYACA - SOCOTA , BOYACA - BOAVITA"
1281,CELDA TRANSITORIA GRANADITA,"CAUCA - CORINTO , CAUCA - MIRANDA"
1291,CARAPACHO,"BOYACA - CALDAS , BOYACA - BUENAVISTA , BOYACA - CHIQUINQUIRA , BOYACA - SABOYA , BOYACA - MUZO"
1308,LOS CEDROS,ANTIOQUIA - ANZA
1312,LOS ROBLES,ANTIOQUIA - SAN JOSE DE LA MONTANA
1315,RELLENO SANITARIO EL CUCHARO(ACUASAN),"SANTANDER - CABRERA , SANTANDER - SAN GIL , SANTANDER - ZAPATOCA , SANTANDER - LA PAZ , SANTANDER - SIMACOTA , SANTANDER - CONFINES , SANTANDER - CHIMA , SANTANDER - GUAPOTA , SANTANDER - FLORIAN , SANTANDER - GAMBITA , SANTANDER - CHIPATA , SANTANDER - PALMAR , SANTANDER - SUAITA , SANTANDER - CONTRATACION , SANTANDER - GUAVATA , SANTANDER - JORDAN , SANTANDER - EL GUACAMAYO , SANTANDER - SAN BENITO , SANTANDER - CHARALA"
1349,KILILI,PUTUMAYO - PUERTO ASIS
1354,LA MADERA,"NORTE DE SANTANDER - OCANA , CESAR - GONZALEZ , NORTE DE SANTANDER - SAN CALIXTO , NORTE DE SANTANDER - ABREGO , CESAR - RIO DE ORO , NORTE DE SANTANDER - TEORAMA , NORTE DE SANTANDER - EL CARMEN , NORTE DE SANTANDER - EL TARRA , NORTE DE SANTANDER - HACARI , NORTE DE SANTANDER - LA PLAYA , NORTE DE SANTANDER - CONVENCION"
1423,RELLENOS SANITARIO LA CORTADA,"NORTE DE SANTANDER - CUCUTILLA , NORTE DE SANTANDER - MUTISCUA , NORTE DE SANTANDER - SILOS , NORTE DE SANTANDER - TOLEDO , NORTE DE SANTANDER - CHITAGA , NORTE DE SANTANDER - CACOTA , NORTE DE SANTANDER - LABATECA , SANTANDER - VETAS , NORTE DE SANTANDER - PAMPLONA , nan , SANTANDER - BUCARAMANGA , SANTANDER - GIRON , NORTE DE SANTANDER - CUCUTA"
1456,PARQUE DE APROVECHAMIENTO DE RESIDUOS SOLIDOS LA ESPERANZA,ANTIOQUIA - FRONTINO
1466,PARQUE ECOLOGICO RECICLANTE,"META - SAN CARLOS DE GUAROA , META - CUMARAL , CUNDINAMARCA - QUETAME , CUNDINAMARCA - PARATEBUENO , META - EL DORADO , META - CABUYARO , META - CASTILLA LA NUEVA , META - PUERTO LOPEZ , CUNDINAMARCA - GUAYABETAL , META - GUAMAL , META - VILLAVICENCIO , META - CUBARRAL , META - SAN JUAN DE ARAMA , META - BARRANCA DE UPIA , BOYACA - ALMEIDA , CUNDINAMARCA - UBALA , META - ACACIAS , CUNDINAMARCA - MEDINA , META - PUERTO GAITAN , META - RESTREPO , BOYACA - GARAGOA , BOYACA - SAN LUIS DE GACENO , META - EL CASTILLO , VICHADA - CUMARIBO , BOYACA - CHIVOR , META - VISTAHERMOSA , META - PUERTO LLERAS , CASANARE - AGUAZUL"
1837,VIA AL TOBAL,SANTANDER - SAN MIGUEL
1838,RELLENO SANITARIO,ANTIOQUIA - BELMIRA
1839,PTRSMALAGA,"SANTANDER - MALAGA , SANTANDER - CONCEPCION , SANTANDER - SAN JOSE DE MIRANDA , SANTANDER - CAPITANEJO , SANTANDER - MOLAGAVITA , SANTANDER - CERRITO , SANTANDER - MACARAVITA , SANTANDER - GUACA , SANTANDER - ENCISO , SANTANDER - SAN MIGUEL , SANTANDER - SAN ANDRES , SANTANDER - CARCASI"
1895,LOS MOLINOS,ANTIOQUIA - ABEJORRAL
1900,GRANJA EXPERIMENTAL DE RESIDUOS SOLIDOS,ANTIOQUIA - SAN VICENTE FERRER
1904,RELLENO SANITARIO PACANDE,TOLIMA - NATAGAIMA
1906,LAS TAPIAS,TOLIMA - CHAPARRAL
1910,RELLENO SANITARIO CERRO DE LA VIRGEN,ANTIOQUIA - CONCEPCION
1914,RELLENO SANITARIO LOMA GRANDE,"CORDOBA - MONTERIA , CORDOBA - TIERRALTA , CORDOBA - VALENCIA , CORDOBA - MONTELIBANO , CORDOBA - CANALETE , CORDOBA - CERETE , CORDOBA - CIENAGA DE ORO , CORDOBA - SAN CARLOS , CORDOBA - PUERTO ESCONDIDO , CORDOBA - SAN PELAYO , CORDOBA - MONITOS , CORDOBA - COTORRA , CORDOBA - AYAPEL , CORDOBA - BUENAVISTA , CORDOBA - LA APARTADA , CORDOBA - PLANETA RICA , CORDOBA - PUEBLO NUEVO , CORDOBA - PUERTO LIBERTADOR , CORDOBA - SAN BERNARDO DEL VIENTO , CORDOBA - LOS CORDOBAS , SUCRE - CAIMITO , CORDOBA - LORICA , CORDOBA - MOMIL , CORDOBA - SAHAGUN , CORDOBA - PURISIMA DE LA CONCEPCION , CORDOBA - SAN ANTERO"
1941,RELLENO SANITARIO PARQUE AMBIENTAL ANDALUCIA,"QUINDIO - MONTENEGRO , QUINDIO - LA TEBAIDA , QUINDIO - CALARCA , QUINDIO - ARMENIA , VALLE DEL CAUCA - SEVILLA , QUINDIO - BUENAVISTA , QUINDIO - CIRCASIA , QUINDIO - CORDOBA , QUINDIO - GENOVA , QUINDIO - PIJAO , QUINDIO - QUIMBAYA , QUINDIO - SALENTO , QUINDIO - FILANDIA , VALLE DEL CAUCA - CARTAGO , VALLE DEL CAUCA - CAICEDONIA , VALLE DEL CAUCA - OBANDO , VALLE DEL CAUCA - ANSERMANUEVO , VALLE DEL CAUCA - BOLIVAR , VALLE DEL CAUCA - ALCALA , VALLE DEL CAUCA - TRUJILLO"
2150,RELLENO SANITARIO REGIONAL PRESIDENTE,"VALLE DEL CAUCA - ANDALUCIA , VALLE DEL CAUCA - PRADERA , VALLE DEL CAUCA - EL CERRITO , VALLE DEL CAUCA - SAN PEDRO , VALLE DEL CAUCA - TULUA , VALLE DEL CAUCA - LA VICTORIA , VALLE DEL CAUCA - PALMIRA , VALLE DEL CAUCA - GUADALAJARA DE BUGA , VALLE DEL CAUCA - ROLDANILLO , VALLE DEL CAUCA - TRUJILLO , VALLE DEL CAUCA - ZARZAL , VALLE DEL CAUCA - LA UNION , VALLE DEL CAUCA - GUACARI , VALLE DEL CAUCA - BUGALAGRANDE , VALLE DEL CAUCA - GINEBRA , VALLE DEL CAUCA - RIOFRIO , VALLE DEL CAUCA - VIJES , VALLE DEL CAUCA - YUMBO , VALLE DEL CAUCA - CALIMA , VALLE DEL CAUCA - CARTAGO , CAUCA - VILLA RICA , VALLE DEL CAUCA - CANDELARIA , VALLE DEL CAUCA - YOTOCO , VALLE DEL CAUCA - BOLIVAR , VALLE DEL CAUCA - CALI , VALLE DEL CAUCA - EL DOVIO , VALLE DEL CAUCA - CAICEDONIA , VALLE DEL CAUCA - OBANDO , QUINDIO - ARMENIA"
2476,EL ALGARROBO,"GUAVIARE - SAN JOSE DEL GUAVIARE , GUAVIARE - EL RETORNO , META - PUERTO CONCORDIA , META - PUERTO RICO"
2820,rancho triste ,ANTIOQUIA - LA CEJA
2826,EL CLAVO,"ATLANTICO - SOLEDAD , ATLANTICO - CAMPO DE LA CRUZ , ATLANTICO - REPELON , ATLANTICO - SUAN , ATLANTICO - MANATI , ATLANTICO - PONEDERA , ATLANTICO - SANTA LUCIA , ATLANTICO - CANDELARIA , ATLANTICO - PIOJO , ATLANTICO - JUAN DE ACOSTA , ATLANTICO - TUBARA , ATLANTICO - POLONUEVO , ATLANTICO - USIACURI , ATLANTICO - SANTO TOMAS , ATLANTICO - PALMAR DE VARELA , ATLANTICO - SABANAGRANDE , ATLANTICO - MALAMBO , ATLANTICO - BARANOA , ATLANTICO - SABANALARGA , ATLANTICO - BARRANQUILLA , ATLANTICO - GALAPA , ATLANTICO - LURUACO"
2857,REGIONAL SUR DE LA GUAJIRA,"LA GUAJIRA - DISTRACCION , LA GUAJIRA - SAN JUAN DEL CESAR , LA GUAJIRA - FONSECA , LA GUAJIRA - HATONUEVO , LA GUAJIRA - BARRANCAS , LA GUAJIRA - URUMITA , LA GUAJIRA - MAICAO , LA GUAJIRA - ALBANIA , LA GUAJIRA - EL MOLINO"
2863,CELDA DE CONTINGENCIA,"LA GUAJIRA - RIOHACHA , LA GUAJIRA - DIBULLA , LA GUAJIRA - MANAURE"
2864,REGIONAL ECOSISTEMA SIERRA NEVADA DE SANTA MARTA,"MAGDALENA - EL RETEN , MAGDALENA - ZONA BANANERA , MAGDALENA - FUNDACION , MAGDALENA - ARACATACA , MAGDALENA - PIVIJAY , MAGDALENA - ALGARROBO , CESAR - EL COPEY"
2868,PARQUE AMBIENTAL PALANGANA,MAGDALENA - SANTA MARTA
2870,EL OASIS,"SUCRE - COVENAS , nan , SUCRE - SAN LUIS DE SINCE , SUCRE - SAN MARCOS , SUCRE - SINCELEJO , SUCRE - MORROA , SUCRE - COROZAL , SUCRE - TOLU VIEJO , SUCRE - LA UNION , SUCRE - SANTIAGO DE TOLU , CORDOBA - LORICA , SUCRE - COLOSO , CORDOBA - MONTERIA , SUCRE - LOS PALMITOS , SUCRE - EL ROBLE , CORDOBA - CHIMA , CORDOBA - MOMIL , CORDOBA - PURISIMA DE LA CONCEPCION , CORDOBA - SAN ANDRES DE SOTAVENTO , CORDOBA - SAN ANTERO , CORDOBA - TUCHIN , SUCRE - PALMITO , SUCRE - SAN ONOFRE , SUCRE - SAN PEDRO , SUCRE - CAIMITO , CORDOBA - COTORRA , CORDOBA - CHINU"
2900,LA MIEL,"TOLIMA - SAN LUIS , TOLIMA - ALVARADO , TOLIMA - VALLE DE SAN JUAN , TOLIMA - ANZOATEGUI , TOLIMA - LERIDA , TOLIMA - IBAGUE , TOLIMA - ROVIRA , TOLIMA - VENADILLO , TOLIMA - PIEDRAS , TOLIMA - CAJAMARCA , TOLIMA - MURILLO , TOLIMA - AMBALEMA , TOLIMA - SUAREZ , TOLIMA - ORTEGA , TOLIMA - SANTA ISABEL , TOLIMA - SAN ANTONIO"
3284,EL CASCAJAR,"CASANARE - PORE , CASANARE - HATO COROZAL , BOYACA - PAJARITO , CASANARE - SAN LUIS DE PALENQUE , CASANARE - TAMARA , CASANARE - LA SALINA , CASANARE - AGUAZUL , CASANARE - YOPAL , CASANARE - SACAMA , CASANARE - RECETOR , CASANARE - CHAMEZA , CASANARE - PAZ DE ARIPORO , CASANARE - MONTERREY , CASANARE - NUNCHIA , CASANARE - TRINIDAD , CASANARE - VILLANUEVA , CASANARE - MANI , CASANARE - OROCUE , ARAUCA - ARAUCA , META - BARRANCA DE UPIA , CASANARE - TAURAMENA , BOYACA - LABRANZAGRANDE , BOYACA - PAYA , CASANARE - SABANALARGA , META - PUERTO GAITAN , ARAUCA - TAME"
3494,CELDA TRANSITORIA NUMA,BOYACA - BUSBANZA
3498,Planta de tramiento de Residuos Solidos,"HUILA - OPORAPA , HUILA - SAN AGUSTIN , HUILA - ACEVEDO , HUILA - PITALITO , HUILA - TIMANA , HUILA - PALESTINA , HUILA - SALADOBLANCO , HUILA - ELIAS , HUILA - ISNOS"
3564,LA TABACA,ANTIOQUIA - PUERTO BERRIO
3569,CELDA SAN PEDRO,ARAUCA - FORTUL
3571,LOS CORAZONES,"CESAR - PUEBLO BELLO , CESAR - LA PAZ , CESAR - SAN DIEGO , LA GUAJIRA - VILLANUEVA , CESAR - VALLEDUPAR , CESAR - AGUSTIN CODAZZI , CESAR - MANAURE BALCON DEL CESAR , CESAR - BECERRIL , LA GUAJIRA - URUMITA , CESAR - LA JAGUA DE IBIRICO , LA GUAJIRA - EL MOLINO , LA GUAJIRA - DISTRACCION , LA GUAJIRA - SAN JUAN DEL CESAR , LA GUAJIRA - FONSECA , CESAR - BOSCONIA"
3650,GRANJA PARA EL MANEJO INTEGRAL DE RESIDUOS SOLIDOS,ANTIOQUIA - EL SANTUARIO
3656,RELLENO SANITARIO Y GRANJA AMBIENTAL LOS SALTOS,ANTIOQUIA - MARINILLA
3663,RELLENO SANITARIO CERRO MATOSO,CORDOBA - MONTELIBANO
3667,EL CARRASCO,"SANTANDER - FLORIDABLANCA , SANTANDER - PIEDECUESTA , SANTANDER - BUCARAMANGA , SANTANDER - LEBRIJA , SANTANDER - GIRON , SANTANDER - ZAPATOCA , SANTANDER - EL PLAYON , SANTANDER - TONA , SANTANDER - SANTA BARBARA , SANTANDER - RIONEGRO , SANTANDER - SURATA , SANTANDER - MATANZA , SANTANDER - CHARTA , SANTANDER - BETULIA , SANTANDER - CALIFORNIA , SANTANDER - LOS SANTOS"
3955,CIUDADBOLIVAR,ANTIOQUIA - CIUDAD BOLIVAR
3961,EL JAZMIN,VALLE DEL CAUCA - CAICEDONIA
3964,RELLENO SANITARIO DE COCORNA,ANTIOQUIA - COCORNA
3968,RELLENO SANITARIO REDIBA SA ESP,SANTANDER - BARRANCABERMEJA
3981,RELLENO REGIONAL NOROCCIDENTE DEL CESAR,"CESAR - BOSCONIA , CESAR - CURUMANI , CESAR - PAILITAS , CESAR - EL PASO , CESAR - LA JAGUA DE IBIRICO , CESAR - ASTREA , CESAR - EL COPEY , CESAR - LA GLORIA , CESAR - TAMALAMEQUE , MAGDALENA - ARIGUANI , BOLIVAR - MOMPOS , MAGDALENA - SANTA ANA , MAGDALENA - PLATO , CESAR - CHIRIGUANA , MAGDALENA - EL BANCO , CESAR - SAN ALBERTO , CESAR - CHIMICHAGUA , CESAR - BECERRIL"
4009,PARQUE AMBIENTAL BIOGER,"BOLIVAR - SANTA ROSA , BOLIVAR - VILLANUEVA , BOLIVAR - SANTA CATALINA , BOLIVAR - SAN ESTANISLAO , BOLIVAR - TURBACO , BOLIVAR - ARJONA , BOLIVAR - CARTAGENA DE INDIAS , CESAR - VALLEDUPAR , BOLIVAR - TURBANA , BOLIVAR - MAHATES , BOLIVAR - SAN JACINTO , BOLIVAR - CALAMAR , BOLIVAR - SAN JUAN NEPOMUCENO"
4079,CHICAO,CAQUETA - CURILLO
4085,LAS BATEAS,"CESAR - PELAYA , CESAR - AGUACHICA , CESAR - CURUMANI , CESAR - GAMARRA , CESAR - LA GLORIA , CESAR - PAILITAS , CESAR - SAN ALBERTO , CESAR - TAMALAMEQUE , NORTE DE SANTANDER - LA ESPERANZA , CESAR - SAN MARTIN , CESAR - RIO DE ORO , SANTANDER - BARRANCABERMEJA , SANTANDER - RIONEGRO , SANTANDER - EL CARMEN DE CHUCURI , NORTE DE SANTANDER - OCANA , SANTANDER - BUCARAMANGA , SANTANDER - SABANA DE TORRES , NORTE DE SANTANDER - CACHIRA , SANTANDER - PUERTO WILCHES , BOLIVAR - CANTAGALLO , NORTE DE SANTANDER - SAN CALIXTO , NORTE DE SANTANDER - CONVENCION , MAGDALENA - EL BANCO , SANTANDER - PIEDECUESTA , CESAR - EL PASO , SANTANDER - SAN VICENTE DE CHUCURI , SANTANDER - GIRON , CESAR - ASTREA , CESAR - LA JAGUA DE IBIRICO , CESAR - BOSCONIA , CESAR - VALLEDUPAR , CESAR - CHIRIGUANA , NORTE DE SANTANDER - CUCUTA"
4125,GUAYABAL,"NORTE DE SANTANDER - CUCUTA , NORTE DE SANTANDER - VILLA DEL ROSARIO , NORTE DE SANTANDER - LOS PATIOS , NORTE DE SANTANDER - HERRAN , NORTE DE SANTANDER - BUCARASICA , NORTE DE SANTANDER - RAGONVALIA , NORTE DE SANTANDER - SANTIAGO , NORTE DE SANTANDER - SARDINATA , NORTE DE SANTANDER - PUERTO SANTANDER , NORTE DE SANTANDER - CHINACOTA , NORTE DE SANTANDER - EL ZULIA , NORTE DE SANTANDER - DURANIA , NORTE DE SANTANDER - GRAMALOTE , NORTE DE SANTANDER - ARBOLEDAS , NORTE DE SANTANDER - SALAZAR , NORTE DE SANTANDER - SAN CAYETANO , NORTE DE SANTANDER - VILLA CARO , NORTE DE SANTANDER - LOURDES , NORTE DE SANTANDER - BOCHALEMA , NORTE DE SANTANDER - PAMPLONITA , NORTE DE SANTANDER - PAMPLONA , NORTE DE SANTANDER - TIBU , NORTE DE SANTANDER - EL CARMEN , NORTE DE SANTANDER - CONVENCION"
4569,LA MARIA,"MAGDALENA - PUEBLOVIEJO , MAGDALENA - CIENAGA"
4579,LA DORADITA,"BOYACA - PUERTO BOYACA , CALDAS - VICTORIA , CALDAS - LA DORADA , CUNDINAMARCA - CAPARRAPI , CUNDINAMARCA - LA PALMA , CUNDINAMARCA - GUADUAS , TOLIMA - SAN SEBASTIAN DE MARIQUITA , TOLIMA - CASABIANCA , TOLIMA - FALAN , TOLIMA - PALOCABILDO , BOYACA - OTANCHE , TOLIMA - HONDA , CUNDINAMARCA - PUERTO SALGAR , CALDAS - NORCASIA , CESAR - AGUACHICA , BOGOTA DC - BOGOTA DC , CUNDINAMARCA - GIRARDOT , TOLIMA - ARMERO GUAYABAL , TOLIMA - FRESNO , TOLIMA - VILLAHERMOSA , CUNDINAMARCA - YACOPI , CUNDINAMARCA - MOSQUERA , ANTIOQUIA - PUERTO TRIUNFO , BOYACA - CHIQUINQUIRA , CALDAS - SAMANA , SANTANDER - PUERTO PARRA , ANTIOQUIA - SAN FRANCISCO , TOLIMA - CHAPARRAL"
4700,LA CANDELARIA,"SUCRE - LOS PALMITOS , SUCRE - GALERAS , SUCRE - EL ROBLE , SUCRE - SAN ONOFRE , BOYACA - OTANCHE , BOLIVAR - MAGANGUE , SUCRE - COROZAL , SUCRE - SAMPUES , CORDOBA - CHINU , BOLIVAR - EL CARMEN DE BOLIVAR , SUCRE - TOLU VIEJO , SUCRE - SAN PEDRO , SUCRE - OVEJAS , SUCRE - CAIMITO , SUCRE - BUENAVISTA , SUCRE - CHALAN , SUCRE - COLOSO , SUCRE - MORROA , SUCRE - PALMITO , SUCRE - SAN JUAN DE BETULIA , CORDOBA - SAN ANTERO , MAGDALENA - PLATO , MAGDALENA - NUEVA GRANADA , SUCRE - SINCELEJO , CORDOBA - SAN BERNARDO DEL VIENTO , MAGDALENA - CHIVOLO , MAGDALENA - TENERIFE , SUCRE - SANTIAGO DE TOLU , BOLIVAR - MARIA LA BAJA , SUCRE - COVENAS , BOLIVAR - CORDOBA , SUCRE - SAN BENITO ABAD , BOLIVAR - CICUCO , BOLIVAR - TALAIGUA NUEVO , MAGDALENA - PIJINO DEL CARMEN , MAGDALENA - SANTA BARBARA DE PINTO , SUCRE - LA UNION , ATLANTICO - MALAMBO , MAGDALENA - ARIGUANI"
4828,PARQUE ECOLOGICO PRADERAS DEL MAGDALENA,"CUNDINAMARCA - NARINO , CUNDINAMARCA - ANAPOIMA , TOLIMA - CUNDAY , CUNDINAMARCA - BELTRAN , TOLIMA - AMBALEMA , TOLIMA - SALDANA , CUNDINAMARCA - NILO , CUNDINAMARCA - APULO , CUNDINAMARCA - ARBELAEZ , TOLIMA - GUAMO , CUNDINAMARCA - RICAURTE , CUNDINAMARCA - JERUSALEN , CUNDINAMARCA - TIBACUY , TOLIMA - DOLORES , CUNDINAMARCA - SAN JUAN DE RIOSECO , TOLIMA - LIBANO , TOLIMA - PRADO , TOLIMA - SUAREZ , CUNDINAMARCA - PULI , CUNDINAMARCA - VENECIA , CUNDINAMARCA - CABRERA , CUNDINAMARCA - SAN BERNARDO , TOLIMA - ARMERO GUAYABAL , CUNDINAMARCA - AGUA DE DIOS , CUNDINAMARCA - TOCAIMA , TOLIMA - VILLARRICA , TOLIMA - ICONONZO , TOLIMA - FLANDES , CUNDINAMARCA - GUATAQUI , TOLIMA - COELLO , CUNDINAMARCA - GIRARDOT , TOLIMA - ESPINAL , CUNDINAMARCA - FUSAGASUGA , TOLIMA - MELGAR , TOLIMA - SAN ANTONIO , TOLIMA - CARMEN DE APICALA , CUNDINAMARCA - LA MESA , TOLIMA - SAN LUIS , CUNDINAMARCA - PANDI , CUNDINAMARCA - VIOTA , TOLIMA - RIOBLANCO , TOLIMA - PLANADAS , TOLIMA - PIEDRAS , TOLIMA - COYAIMA , CUNDINAMARCA - PASCA , CESAR - LA GLORIA , nan , CUNDINAMARCA - GRANADA , TOLIMA - MURILLO , TOLIMA - PALOCABILDO"
5164,RELLENO SANITARIO EL DIAMANTE,GUAVIARE - CALAMAR
5170,RELLENO SANITARIO ENTRERRIOS,ANTIOQUIA - ENTRERRIOS
5172,Puerta Roja,META - LA MACARENA
5173,La Mapiripana,META - MAPIRIPAN
5174,VEREDA EL BRASIL,META - URIBE
5186,RELLENO SANITARIO DEL MUNICIPIO DE ANGELOPOLIS,ANTIOQUIA - ANGELOPOLIS
5192,EL CAIMO,"ANTIOQUIA - SAN CARLOS , BOGOTA DC - BOGOTA DC"
5196,MICRORELLENO SANITARIO,SANTANDER - SAN MIGUEL
5199,SN,VAUPES - TARAIRA
5203,BOTADERO A CIELO ABIERTO,NARINO - ROBERTO PAYAN
5205,CELDA CORDOBA,VALLE DEL CAUCA - BUENAVENTURA
5207,RELLENO SANITARIO PARQUE AMBIENTAL LOMA DE LOS COCOS,"BOLIVAR - CARTAGENA DE INDIAS , BOLIVAR - TURBANA , BOLIVAR - CLEMENCIA , ATLANTICO - LURUACO , BOLIVAR - SANTA ROSA , BOLIVAR - VILLANUEVA , BOLIVAR - MAHATES , BOLIVAR - TURBACO , BOLIVAR - ARJONA , BOLIVAR - SANTA CATALINA , BOLIVAR - ARENAL , BOLIVAR - SOPLAVIENTO , BOLIVAR - SAN CRISTOBAL , BOLIVAR - ARROYOHONDO"
5313,PLANTA REGIONAL DE RESIDUOS SOLIDOS,"BOYACA - GARAGOA , BOYACA - CHIVOR , BOYACA - SANTA MARIA , CUNDINAMARCA - UBALA , BOYACA - MACANAL"
5323,PRADO PARAJE DE LA CEIBA,ARAUCA - ARAUQUITA
5326,YERBABUENA,SANTANDER - BARRANCABERMEJA
5332,RELLENO SANITARIO NUEVO MONDOÑEDO,"CUNDINAMARCA - MANTA , CUNDINAMARCA - EL PENON , CUNDINAMARCA - TOPAIPI , CUNDINAMARCA - LENGUAZAQUE , CUNDINAMARCA - VILLETA , CUNDINAMARCA - CHIA , CUNDINAMARCA - JUNIN , CUNDINAMARCA - GACHALA , CUNDINAMARCA - CARMEN DE CARUPA , CUNDINAMARCA - SASAIMA , CUNDINAMARCA - MADRID , CUNDINAMARCA - TABIO , CUNDINAMARCA - SOPO , CUNDINAMARCA - TOCANCIPA , CUNDINAMARCA - LA VEGA , CUNDINAMARCA - GUASCA , CUNDINAMARCA - UTICA , CUNDINAMARCA - GUAYABAL DE SIQUIMA , CUNDINAMARCA - FUNZA , CUNDINAMARCA - SUBACHOQUE , CUNDINAMARCA - SUSA , CUNDINAMARCA - FUSAGASUGA , CUNDINAMARCA - ZIPACON , CUNDINAMARCA - EL ROSAL , CUNDINAMARCA - LA MESA , CUNDINAMARCA - CHOCONTA , CUNDINAMARCA - SILVANIA , CUNDINAMARCA - GUATAVITA , CUNDINAMARCA - SESQUILE , CUNDINAMARCA - GAMA , CUNDINAMARCA - GACHANCIPA , CUNDINAMARCA - MOSQUERA , CUNDINAMARCA - PACHO , CUNDINAMARCA - MACHETA , CUNDINAMARCA - TENA , CUNDINAMARCA - ZIPAQUIRA , CUNDINAMARCA - SOACHA , CUNDINAMARCA - FACATATIVA , CUNDINAMARCA - LA CALERA , CUNDINAMARCA - NOCAIMA , CUNDINAMARCA - GACHETA , CUNDINAMARCA - TAUSA , CUNDINAMARCA - QUEBRADANEGRA , CUNDINAMARCA - CAJICA , CUNDINAMARCA - COTA , CUNDINAMARCA - SAN ANTONIO DEL TEQUENDAMA , CUNDINAMARCA - SUPATA , CUNDINAMARCA - VIANI , CUNDINAMARCA - VERGARA , CUNDINAMARCA - SUTATAUSA , CUNDINAMARCA - VILLAPINZON , CUNDINAMARCA - TIBIRITA , CUNDINAMARCA - ALBAN , CUNDINAMARCA - CHAGUANI , CUNDINAMARCA - ANOLAIMA , CUNDINAMARCA - NIMAIMA , CUNDINAMARCA - NEMOCON , CUNDINAMARCA - CACHIPAY , CUNDINAMARCA - BITUIMA , CUNDINAMARCA - FUQUENE , CUNDINAMARCA - SAN CAYETANO , CUNDINAMARCA - LA PENA , CUNDINAMARCA - FOMEQUE , CUNDINAMARCA - QUIPILE , CUNDINAMARCA - SIBATE , CUNDINAMARCA - BOJACA , CUNDINAMARCA - VILLA DE SAN DIEGO DE UBATE , CUNDINAMARCA - SUESCA , CUNDINAMARCA - VILLAGOMEZ , CUNDINAMARCA - SIMIJACA , CUNDINAMARCA - GRANADA , CUNDINAMARCA - UBALA , CUNDINAMARCA - EL COLEGIO , CUNDINAMARCA - PAIME , CUNDINAMARCA - GUACHETA , CUNDINAMARCA - COGUA , CUNDINAMARCA - TENJO , CUNDINAMARCA - SAN FRANCISCO , BOYACA - CHIQUINQUIRA"
5942,LA GLORITA,"RISARALDA - SANTA ROSA DE CABAL , RISARALDA - SANTUARIO , VALLE DEL CAUCA - CARTAGO , RISARALDA - LA VIRGINIA , RISARALDA - MARSELLA , RISARALDA - BELEN DE UMBRIA , RISARALDA - DOSQUEBRADAS , RISARALDA - PEREIRA , RISARALDA - BALBOA , VALLE DEL CAUCA - TORO , RISARALDA - PUEBLO RICO , VALLE DEL CAUCA - ARGELIA , VALLE DEL CAUCA - EL AGUILA , CALDAS - VITERBO , RISARALDA - LA CELIA , VALLE DEL CAUCA - OBANDO , VALLE DEL CAUCA - ALCALA , VALLE DEL CAUCA - EL CAIRO , RISARALDA - APIA , CALDAS - NEIRA , QUINDIO - ARMENIA , CALDAS - MARMATO , VALLE DEL CAUCA - ANSERMANUEVO , RISARALDA - MISTRATO , QUINDIO - FILANDIA , VALLE DEL CAUCA - VERSALLES , CALDAS - RIOSUCIO , VALLE DEL CAUCA - ULLOA , QUINDIO - CALARCA , CALDAS - MANIZALES"
6161,RELLENO SANITARIO PARQUE AMBIENTAL PIRGUA,"BOYACA - TUNJA , BOYACA - GUATEQUE , BOYACA - CHIVATA , BOYACA - SORA , BOYACA - GACHANTIVA , BOYACA - MARIPI , BOYACA - OICATA , BOYACA - TUTA , BOYACA - CAMPOHERMOSO , BOYACA - SOMONDOCO , BOYACA - SUTAMARCHAN , BOYACA - NUEVO COLON , BOYACA - PAEZ , BOYACA - VILLA DE LEYVA , BOYACA - MUZO , BOYACA - BERBEO , SANTANDER - ALBANIA , BOYACA - TOCA , BOYACA - SANTA SOFIA , BOYACA - LA CAPILLA , BOYACA - BRICENO , BOYACA - CHIQUIZA , SANTANDER - VELEZ , SANTANDER - PUENTE NACIONAL , BOYACA - SACHICA , BOYACA - GUAYATA , BOYACA - VENTAQUEMADA , BOYACA - RAMIRIQUI , BOYACA - SAN EDUARDO , BOYACA - VIRACACHA , BOYACA - CHINAVITA , BOYACA - PAUNA , BOYACA - JENESANO , BOYACA - RONDON , BOYACA - TURMEQUE , BOYACA - SIACHOQUE , BOYACA - COMBITA , BOYACA - CUCAITA , BOYACA - RAQUIRA , BOYACA - PACHAVITA , BOYACA - SANTANA , BOYACA - SOTAQUIRA , SANTANDER - BARBOSA , BOYACA - ARCABUCO , BOYACA - DUITAMA , BOYACA - TENZA , BOYACA - SAMACA , BOYACA - MOTAVITA , BOYACA - ZETAQUIRA , BOYACA - SAN JOSE DE PARE , BOYACA - MIRAFLORES , BOYACA - MONIQUIRA , BOYACA - TOGUI , BOYACA - TINJACA , BOYACA - CHITARAQUE , BOYACA - TIBANA , BOYACA - CIENEGA , BOYACA - BOYACA , BOYACA - UMBITA , BOYACA - SORACA , BOYACA - TOTA , BOYACA - BETEITIVA , BOYACA - SOCOTA , BOYACA - SATIVANORTE , BOYACA - AQUITANIA , BOYACA - SOATA , BOYACA - TIPACOQUE , BOYACA - GUICAN , BOYACA - SOCHA , BOYACA - SATIVASUR , BOYACA - TIBASOSA , BOYACA - BELEN , BOYACA - MONGUI , BOYACA - CERINZA , BOYACA - CHISCAS , BOYACA - EL ESPINO , BOYACA - IZA , BOYACA - MONGUA , BOYACA - COPER , BOYACA - CHITA , BOYACA - PAZ DE RIO , BOYACA - CORRALES , BOYACA - LA UVITA , BOYACA - FIRAVITOBA , BOYACA - BOAVITA , BOYACA - PESCA , BOYACA - SUSACON , BOYACA - JERICO , BOYACA - TASCO , BOYACA - GAMEZA , BOYACA - COVARACHIA , BOYACA - SANTA ROSA DE VITERBO , BOYACA - PAIPA , BOYACA - EL COCUY , BOYACA - PANQUEBA , BOYACA - GUACAMAYAS , BOYACA - SAN MATEO , BOYACA - TUTAZA , BOYACA - FLORESTA , BOYACA - CUITIVA , BOYACA - TOPAGA , BOYACA - NOBSA , BOYACA - SOGAMOSO , BOYACA - QUIPAMA , BOYACA - MACANAL , SANTANDER - BUCARAMANGA , BOYACA - GARAGOA"
6626,RELLENO SANITARIO CIENAGA GRANDE DE SANTAMARTA,"MAGDALENA - SALAMINA , MAGDALENA - EL PINON"
6638,LA VERA,ANTIOQUIA - SEGOVIA
6644,EL CAIRO,"CAQUETA - BELEN DE LOS ANDAQUIES , CAQUETA - ALBANIA , CAQUETA - SAN JOSE DEL FRAGUA"
6652,LOS EUCALIPTOS,"CALDAS - PACORA , ANTIOQUIA - HISPANIA , ANTIOQUIA - JARDIN , CALDAS - AGUADAS , ANTIOQUIA - PUEBLORRICO , ANTIOQUIA - LA PINTADA"
6678,BACA MOMPOX,BOLIVAR - MOMPOS
6679,PIEDRAS,"ANTIOQUIA - TARAZA , ANTIOQUIA - CAUCASIA , ANTIOQUIA - CACERES , ANTIOQUIA - NECHI , ANTIOQUIA - ZARAGOZA"
6680,CENTRO INDUSTRIAL DE RESIDUOS SOLIDOS DE URABA EL TEJAR,"ANTIOQUIA - CHIGORODO , ANTIOQUIA - SAN PEDRO DE URABA , ANTIOQUIA - SAN JUAN DE URABA , ANTIOQUIA - ARBOLETES , ANTIOQUIA - APARTADO , ANTIOQUIA - TURBO , ANTIOQUIA - CAREPA , ANTIOQUIA - NECOCLI , ANTIOQUIA - MUTATA , CUNDINAMARCA - LA VEGA , CHOCO - RIOSUCIO"
6780,LA VEGA,"CALDAS - MANZANARES , CALDAS - PENSILVANIA , CALDAS - MARQUETALIA , CALDAS - VICTORIA"
6807,RELLENO SANITARIO REGIONAL COLOMBA-EL GUABAL,"VALLE DEL CAUCA - DAGUA , VALLE DEL CAUCA - CALI , CAUCA - SANTANDER DE QUILICHAO , VALLE DEL CAUCA - CANDELARIA , VALLE DEL CAUCA - LA CUMBRE , VALLE DEL CAUCA - RESTREPO , VALLE DEL CAUCA - YOTOCO , CAUCA - CALOTO , VALLE DEL CAUCA - FLORIDA , VALLE DEL CAUCA - JAMUNDI , CAUCA - GUACHENE , CAUCA - PADILLA , CAUCA - VILLA RICA , VALLE DEL CAUCA - EL CERRITO , VALLE DEL CAUCA - YUMBO , VALLE DEL CAUCA - PALMIRA , VALLE DEL CAUCA - ANDALUCIA , nan , CAUCA - BUENOS AIRES , VALLE DEL CAUCA - CALIMA , VALLE DEL CAUCA - RIOFRIO , CAUCA - SUAREZ , VALLE DEL CAUCA - BUENAVENTURA , VALLE DEL CAUCA - TULUA , CAUCA - TORIBIO , CAUCA - POPAYAN , CAUCA - CALDONO"
7009,RELLENO SANITARIO SAN VICENTE DE CHUCURI,SANTANDER - SAN VICENTE DE CHUCURI
7011,YARUMOS II,ANTIOQUIA - YARUMAL
7017,RELLENO SANITARIO EL BOGANTE,CASANARE - OROCUE
7021,LA ESPAÑOLA,ANTIOQUIA - AMALFI
7024,LA ESPERANZA,"CASANARE - VILLANUEVA , BOYACA - SANTA MARIA , BOYACA - SAN LUIS DE GACENO , CASANARE - SABANALARGA , META - BARRANCA DE UPIA"
7065,LA FLORIDA,SANTANDER - CIMITARRA
7069,CELDA DE DISPOSICION FINAL RONCESVALLES,TOLIMA - RONCESVALLES
7073,PARQUE TECNOLOGICO AMBIENTAL SAN SILVESTRE,SANTANDER - BARRANCABERMEJA
7085,LA AURORA,ANTIOQUIA - YALI
7091,BUENAVISTA III,ANTIOQUIA - ANGOSTURA
7097,TINAJAS,ANTIOQUIA - MACEO
7103,LA ARBOLEDA,CHOCO - EL CARMEN DE ATRATO
7108,RELLENO SANITARIO LETICIA,AMAZONAS - LETICIA
7112,SITIO DE DISPOSICION FINAL RELLENO SANITARIO,BOYACA - SAN MIGUEL DE SEMA
7115,RELLENO SANITARIO DOÑA JUANA,"CUNDINAMARCA - CAQUEZA , BOGOTA DC - BOGOTA DC , CUNDINAMARCA - CHIPAQUE , CUNDINAMARCA - UBAQUE , CUNDINAMARCA - FOSCA , CUNDINAMARCA - GUTIERREZ , CUNDINAMARCA - CHOACHI , CUNDINAMARCA - UNE , nan"
7214,EL CHONTADURO,CHOCO - ISTMINA
7215,RELLENO SANITARIO DE CUMBITARA,NARINO - CUMBITARA
7220,RELLENO SANITARIO REGIONAL LOS PICACHOS,"CAUCA - POPAYAN , CAUCA - TOTORO , CAUCA - SILVIA , CAUCA - PIENDAMO , CAUCA - TIMBIO , CAUCA - EL TAMBO , CAUCA - CAJIBIO , CAUCA - LA VEGA , CAUCA - CALDONO , CAUCA - SOTARA , CAUCA - PURACE , CAUCA - LA SIERRA , CAUCA - PATIA , CAUCA - ALMAGUER , CAUCA - ROSAS , CAUCA - MORALES , CAUCA - SUAREZ"
7313,RELLENO SANITARIO VDA APOSENTOS,CUNDINAMARCA - CUCUNUBA
7319,EL CUCHARO,"SANTANDER - SOCORRO , BOYACA - MONIQUIRA , SANTANDER - LA BELLEZA , SANTANDER - SUCRE , SANTANDER - PALMAS DEL SOCORRO , SANTANDER - COROMORO , SANTANDER - CURITI , SANTANDER - HATO , SANTANDER - ARATOCA , SANTANDER - CEPITA , SANTANDER - GUEPSA , SANTANDER - JESUS MARIA , SANTANDER - PINCHOTE , SANTANDER - OIBA , SANTANDER - PUENTE NACIONAL , SANTANDER - SAN GIL , BOYACA - SANTANA , SANTANDER - MOGOTES , SANTANDER - SAN VICENTE DE CHUCURI , SANTANDER - LA PAZ , SANTANDER - FLORIAN , SANTANDER - PARAMO , SANTANDER - CHARALA , SANTANDER - VALLE DE SAN JOSE , SANTANDER - CONTRATACION , SANTANDER - CABRERA , SANTANDER - SIMACOTA , SANTANDER - BOLIVAR , SANTANDER - VILLANUEVA , SANTANDER - PALMAR , SANTANDER - GAMBITA , SANTANDER - CONFINES , SANTANDER - OCAMONTE , SANTANDER - CHIMA , SANTANDER - GUAPOTA , SANTANDER - GUADALUPE , SANTANDER - BARICHARA , SANTANDER - GALAN , SANTANDER - SUAITA , SANTANDER - EL GUACAMAYO , SANTANDER - CHIPATA , SANTANDER - ENCINO , SANTANDER - GUAVATA , SANTANDER - JORDAN , TOLIMA - DOLORES , BOYACA - TUNUNGUA"
7419,EL AMARILLO,CAQUETA - SOLANO
7424,RELLENO SANITARIO EL JARDIN,ANTIOQUIA - CARAMANTA
7429,LA GRANJA,ANTIOQUIA - PEQUE
7434,RELLENO SANITARIO LAS GARZAS,"nan , ARAUCA - ARAUCA , CASANARE - YOPAL"
7472,AMBIENTE SONSON,ANTIOQUIA - SONSON
7476,EL PAJUI,ANTIOQUIA - SAN FRANCISCO
7477,RELLENO SANITARIO ANTANAS,NARINO - ANCUYA
7480,RELLENO SANITARIO LOS ANGELES,"HUILA - RIVERA , HUILA - SANTA MARIA , HUILA - GARZON , HUILA - PITAL , HUILA - AGRADO , HUILA - GIGANTE , HUILA - IQUIRA , HUILA - CAMPOALEGRE , HUILA - TESALIA , HUILA - NATAGA , HUILA - LA PLATA , CAUCA - PAEZ , HUILA - PAICOL , HUILA - VILLAVIEJA , HUILA - TELLO , HUILA - AIPE , HUILA - HOBO , HUILA - LA ARGENTINA , HUILA - YAGUARA , nan , PUTUMAYO - VILLAGARZON , HUILA - ALGECIRAS , HUILA - PALERMO , HUILA - BARAYA , HUILA - COLOMBIA , HUILA - TARQUI , HUILA - TERUEL , CAUCA - INZA , HUILA - NEIVA , HUILA - ALTAMIRA , HUILA - GUADALUPE , CUNDINAMARCA - GIRARDOT , TOLIMA - DOLORES"
7693,Celda de Contingencia El Cortijo,"CAUCA - PUERTO TEJADA , VALLE DEL CAUCA - JAMUNDI"
7704,ALTO DEL RAYO,ANTIOQUIA - ANDES
7730,RELLENO SANITARIO VEREDA MEDIO AFAN,"PUTUMAYO - VILLAGARZON , PUTUMAYO - MOCOA , PUTUMAYO - ORITO , PUTUMAYO - PUERTO ASIS , PUTUMAYO - VALLE DEL GUAMUEZ"
7775,RELLENO SANITARIO REGIONAL DEL SAN JACINTO,"BOLIVAR - SAN JUAN NEPOMUCENO , BOLIVAR - SAN JACINTO , BOLIVAR - CALAMAR , BOLIVAR - ZAMBRANO , BOLIVAR - EL GUAMO , BOLIVAR - MAHATES , BOLIVAR - SAN ESTANISLAO , BOLIVAR - ARJONA"
7804,RELLENO EL PINAR,"nan , ANTIOQUIA - DONMATIAS"
7810,RELLENO SANITARIO YOTUEL,CAQUETA - SAN VICENTE DEL CAGUAN
7815,CAMPO NUEVO,CHOCO - ALTO BAUDO
7816,PARQUE AMBIENTAL TAYARU,"CAQUETA - BELEN DE LOS ANDAQUIES , CAQUETA - LA MONTANITA , CAQUETA - MORELIA , HUILA - ALTAMIRA , CAQUETA - EL PAUJIL , HUILA - SUAZA , CAQUETA - FLORENCIA , CAQUETA - VALPARAISO , HUILA - GUADALUPE , HUILA - GARZON , CAQUETA - CURILLO"
7866,PARQUE AMBIENTAL CAMPOALEGRE,"ANTIOQUIA - CAUCASIA , CORDOBA - AYAPEL , CORDOBA - BUENAVISTA , CORDOBA - LA APARTADA , CORDOBA - PLANETA RICA , CORDOBA - PUERTO LIBERTADOR , CORDOBA - MONTELIBANO , CORDOBA - SAN JOSE DE URE , ANTIOQUIA - ZARAGOZA , ANTIOQUIA - CACERES , ANTIOQUIA - EL BAGRE , ANTIOQUIA - NECHI , ANTIOQUIA - TARAZA , CHOCO - SIPI"
8031,RELLENO SANITARIO PUERTO RONDON,ARAUCA - PUERTO RONDON
8032,RELLENO SANITARIO REGIONAL DEL SUR DE BOLIVAR,"BOLIVAR - SANTA ROSA DEL SUR , BOLIVAR - SAN PABLO , BOLIVAR - SIMITI , BOLIVAR - CANTAGALLO"
8061,UNION TEMPORAL OPERACION RELLENO SANITARIO REGIONAL NORTE DE,"LA GUAJIRA - URIBIA , LA GUAJIRA - MAICAO , LA GUAJIRA - MANAURE , LA GUAJIRA - RIOHACHA"
8066,UTORS S.A.S. E.S.P.,"LA GUAJIRA - URIBIA , LA GUAJIRA - MAICAO , LA GUAJIRA - MANAURE , LA GUAJIRA - RIOHACHA"
8071,RELLENO SANITARIO SAN JOSE,"ARCHIPIELAGO DE SAN ANDRES, PROVIDENCIA Y SANTA CATALINA - SAN ANDRES"
8075,RELLENO SANITARIO PEREIRA,"ARCHIPIELAGO DE SAN ANDRES, PROVIDENCIA Y SANTA CATALINA - SAN ANDRES"
8079,RELLENO CHIQUINQUIRA,"ARCHIPIELAGO DE SAN ANDRES, PROVIDENCIA Y SANTA CATALINA - SAN ANDRES"
8083,RELLENO SANTA MARTHA,"ARCHIPIELAGO DE SAN ANDRES, PROVIDENCIA Y SANTA CATALINA - SAN ANDRES"
8087,RELLENO SANITARIO LA PINTADA,"ARCHIPIELAGO DE SAN ANDRES, PROVIDENCIA Y SANTA CATALINA - SAN ANDRES"
8091,RELLENO SANITARIO SAN ANDRES,"ARCHIPIELAGO DE SAN ANDRES, PROVIDENCIA Y SANTA CATALINA - SAN ANDRES"
8095,AREA-AYA-004,"ANTIOQUIA - EL CARMEN DE VIBORAL , CUNDINAMARCA - FUSAGASUGA , ANTIOQUIA - BELLO , nan , BOYACA - DUITAMA , BOLIVAR - PINILLOS , ARCHIPIELAGO DE SAN ANDRES, PROVIDENCIA Y SANTA CATALINA - SAN ANDRES , ANTIOQUIA - MEDELLIN , ANTIOQUIA - ANGOSTURA"
8111,RELLENO SANITARIO LLORO,"ARCHIPIELAGO DE SAN ANDRES, PROVIDENCIA Y SANTA CATALINA - SAN ANDRES"
8115,RELLENO SANITARIO CAICEDO,"ARCHIPIELAGO DE SAN ANDRES, PROVIDENCIA Y SANTA CATALINA - SAN ANDRES"
8119,GERMAN1,"nan , CUNDINAMARCA - FUSAGASUGA , VICHADA - CUMARIBO"
13545,FLORIDA 2,ARAUCA - ARAUQUITA
16212,SDF1,"BOGOTA DC - BOGOTA DC , TOLIMA - PURIFICACION"
25818,RELLENO SANITARIO PARQUE ECOLOGICO PRADERAS DEL MAGDALENA,CUNDINAMARCA - CABRERA
26404,MUNICIPIO ALEJANDRIA,ANTIOQUIA - ALEJANDRIA
29808,REGIONAL LA ESPERANZA,"CAQUETA - VALPARAISO , BOYACA - VIRACACHA , HUILA - GUADALUPE , HUILA - ALTAMIRA , HUILA - SUAZA , CAQUETA - MORELIA , CAQUETA - BELEN DE LOS ANDAQUIES , CAQUETA - EL PAUJIL , CAQUETA - FLORENCIA"
